address,city,state,zip,price,sqft,bedrooms,bathrooms,days_on_zillow,sale_type,url
1021 12th St APT 107,Santa Monica,CA,90403,698000,804.0,1.0,1.0,1.0,Condo For Sale,http://www.zillow.com/homes/for_sale//homedetails/1021-12th-St-APT-107-Santa-Monica-CA-90403/20478727_zpid/
913 18th St APT 4,Santa Monica,CA,90403,1099000,1425.0,2.0,3.0,NA,Condo For Sale,http://www.zillow.com/homes/for_sale//homedetails/913-18th-St-APT-4-Santa-Monica-CA-90403/20475136_zpid/
270 Palisades Beach Rd UNIT 301,Santa Monica,CA,90402,2999000,1590.0,2.0,2.0,NA,Coming Soon,http://www.zillow.com/homes/for_sale//homedetails/270-Palisades-Beach-Rd-UNIT-301-Santa-Monica-CA-90402/20486912_zpid/
808 5th St APT 7,Santa Monica,CA,90403,680000,980.0,2.0,2.0,2,Condo For Sale,http://www.zillow.com/homes/for_sale//homedetails/808-5th-St-APT-7-Santa-Monica-CA-90403/2094307910_zpid/
1919 4th St # A,Santa Monica,CA,90405,2200000,2111.0,3.0,3.0,1,Townhouse For Sale,http://www.zillow.com/homes/for_sale//homedetails/1919-4th-St-A-Santa-Monica-CA-90405/2097316419_zpid/
1138 12th St APT 5,Santa Monica,CA,90403,849000,1045.0,2.0,2.0,NA,Condo For Sale,http://www.zillow.com/homes/for_sale//homedetails/1138-12th-St-APT-5-Santa-Monica-CA-90403/20478785_zpid/
1319 11th St APT 6,Santa Monica,CA,90401,549000,558.0,1.0,1.0,NA,Condo For Sale,http://www.zillow.com/homes/for_sale//homedetails/1319-11th-St-APT-6-Santa-Monica-CA-90401/20479668_zpid/
444 21st St,Santa Monica,CA,90402,7895000,7311.0,6.0,8.0,NA,House For Sale,http://www.zillow.com/homes/for_sale//homedetails/444-21st-St-Santa-Monica-CA-90402/20476513_zpid/
1035 25th St,Santa Monica,CA,90403,2329000,1501.0,3.0,2.0,NA,House For Sale,http://www.zillow.com/homes/for_sale//homedetails/1035-25th-St-Santa-Monica-CA-90403/20475429_zpid/
1307 Berkeley St,Santa Monica,CA,90404,2695000,2603.0,5.0,4.0,1,Apartment For Sale,http://www.zillow.com/homes/for_sale//homedetails/1307-Berkeley-St-Santa-Monica-CA-90404/20470335_zpid/
933 20th St UNIT B,Santa Monica,CA,90403,1049000,1227.0,3.0,2.0,NA,Condo For Sale,http://www.zillow.com/homes/for_sale//homedetails/933-20th-St-UNIT-B-Santa-Monica-CA-90403/20475248_zpid/
2nd St APT 201,Santa Monica,CA,90403,NA,971.0,2.0,2.0,10,Pre-Foreclosure,"http://www.zillow.com/homes/for_sale/129611562_zpid/any_days/globalrelevanceex_sort/29.759534,-95.335321,29.675003,-95.502863_rect/12_zm/"
722 Marine St,Santa Monica,CA,90405,2795000,2463.0,4.0,3.0,NA,House For Sale,http://www.zillow.com/homes/for_sale//homedetails/722-Marine-St-Santa-Monica-CA-90405/20483309_zpid/
933 11th St APT 15,Santa Monica,CA,90403,819000,1018.0,2.0,2.0,NA,Condo For Sale,http://www.zillow.com/homes/for_sale//homedetails/933-11th-St-APT-15-Santa-Monica-CA-90403/20478857_zpid/
3110 Broadway,Santa Monica,CA,90404,489000,NA,1.0,1.0,7,Condo For Sale,http://www.zillow.com/homes/for_sale//homedetails/3110-Broadway-Santa-Monica-CA-90404/82816526_zpid/
1433 Euclid St,Santa Monica,CA,90404,9300000,14698.0,26.0,24.0,3,Apartment For Sale,http://www.zillow.com/homes/for_sale//homedetails/1433-Euclid-St-Santa-Monica-CA-90404/2097803579_zpid/
1837 Euclid St,Santa Monica,CA,90404,2225000,3901.0,0.0,NA,3,Apartment For Sale,http://www.zillow.com/homes/for_sale//homedetails/1837-Euclid-St-Santa-Monica-CA-90404/2094325481_zpid/
1130 Georgina Ave,Santa Monica,CA,90402,6495000,2325.0,3.0,2.0,7,House For Sale,http://www.zillow.com/homes/for_sale//homedetails/1130-Georgina-Ave-Santa-Monica-CA-90402/20477549_zpid/
1240 24th St UNIT 3,Santa Monica,CA,90404,1299000,1803.0,3.0,3.0,NA,Apartment For Sale,http://www.zillow.com/homes/for_sale//homedetails/1240-24th-St-UNIT-3-Santa-Monica-CA-90404/20474535_zpid/
1113 24th St,Santa Monica,CA,90403,1995000,NA,4.0,3.0,6,House For Sale,http://www.zillow.com/homes/for_sale//homedetails/1113-24th-St-Santa-Monica-CA-90403/2098029479_zpid/
1225 Washington Ave APT 3,Santa Monica,CA,90403,639000,589.0,1.0,1.0,7,Condo For Sale,http://www.zillow.com/homes/for_sale//homedetails/1225-Washington-Ave-APT-3-Santa-Monica-CA-90403/20478675_zpid/
2311 4th St APT 310,Santa Monica,CA,90405,925000,979.0,2.0,2.0,8,Condo For Sale,http://www.zillow.com/homes/for_sale//homedetails/2311-4th-St-APT-310-Santa-Monica-CA-90405/20484219_zpid/
628 20th St,Santa Monica,CA,90402,3695000,3063.0,5.0,2.5,8,House For Sale,http://www.zillow.com/homes/for_sale//homedetails/628-20th-St-Santa-Monica-CA-90402/20476600_zpid/
415 23rd St,Santa Monica,CA,90402,3795000,3100.0,3.0,3.0,NA,House For Sale,http://www.zillow.com/homes/for_sale//homedetails/415-23rd-St-Santa-Monica-CA-90402/20476050_zpid/
900 Euclid St APT 108,Santa Monica,CA,90403,1200000,1384.0,2.0,2.0,NA,Condo For Sale,http://www.zillow.com/homes/for_sale//homedetails/900-Euclid-St-APT-108-Santa-Monica-CA-90403/20478588_zpid/
2602 25th St,Santa Monica,CA,90405,1969000,1838.0,4.0,2.0,NA,House For Sale,http://www.zillow.com/homes/for_sale//homedetails/2602-25th-St-Santa-Monica-CA-90405/20473096_zpid/
1756 Franklin St,Santa Monica,CA,90404,1725000,3180.0,5.0,5.0,7,Apartment For Sale,http://www.zillow.com/homes/for_sale//homedetails/1756-Franklin-St-Santa-Monica-CA-90404/2094358620_zpid/
621 Marguerita Ave,Santa Monica,CA,90402,12495000,6500.0,6.0,9.0,10,House For Sale,http://www.zillow.com/homes/for_sale//homedetails/621-Marguerita-Ave-Santa-Monica-CA-90402/20486225_zpid/
1610 Broadway,Santa Monica,CA,90404,9125000,11211.0,15.0,16.0,22,Apartment For Sale,http://www.zillow.com/homes/for_sale//homedetails/1610-Broadway-Santa-Monica-CA-90404/2106454742_zpid/
2215 Dewey St,Santa Monica,CA,90405,3850000,4500.0,5.0,5.0,NA,House For Sale,http://www.zillow.com/homes/for_sale//homedetails/2215-Dewey-St-Santa-Monica-CA-90405/2111948923_zpid/
1238 12th St UNIT 4,Santa Monica,CA,90401,899000,1265.0,2.0,3.0,15,Condo For Sale,http://www.zillow.com/homes/for_sale//homedetails/1238-12th-St-UNIT-4-Santa-Monica-CA-90401/20479485_zpid/
438 11th St,Santa Monica,CA,90402,3269000,2000.0,3.0,3.0,NA,House For Sale,http://www.zillow.com/homes/for_sale//homedetails/438-11th-St-Santa-Monica-CA-90402/20477675_zpid/
817 12th St,Santa Monica,CA,90403,6400000,10639.0,0.0,NA,24,Apartment For Sale,http://www.zillow.com/homes/for_sale//homedetails/817-12th-St-Santa-Monica-CA-90403/2094590790_zpid/
333 17th St,Santa Monica,CA,90402,6500000,4900.0,5.0,7.0,NA,Coming Soon,http://www.zillow.com/homes/for_sale//homedetails/333-17th-St-Santa-Monica-CA-90402/20476895_zpid/
1440 23rd St APT 116,Santa Monica,CA,90404,539000,637.0,1.0,1.0,NA,Condo For Sale,http://www.zillow.com/homes/for_sale//homedetails/1440-23rd-St-APT-116-Santa-Monica-CA-90404/20473990_zpid/
26 Arcadia Ter,Santa Monica,CA,90401,5757750,4265.0,6.0,6.0,28,House For Sale,http://www.zillow.com/homes/for_sale//homedetails/26-Arcadia-Ter-Santa-Monica-CA-90401/20484705_zpid/
820 4th St APT 1,Santa Monica,CA,90403,4250000,9282.0,16.0,14.0,29,Apartment For Sale,http://www.zillow.com/homes/for_sale//homedetails/820-4th-St-APT-1-Santa-Monica-CA-90403/2094627028_zpid/
2427 Centinela Ave APT H,Santa Monica,CA,90405,468000,630.0,1.0,1.0,13,Auction,http://www.zillow.com/homes/for_sale//homedetails/2427-Centinela-Ave-APT-H-Santa-Monica-CA-90405/20471714_zpid/
Centinela Ave APT H,Santa Monica,CA,90405,NA,630.0,1.0,1.0,23,Pre-Foreclosure (Auction),"http://www.zillow.com/homes/for_sale/128644073_zpid/any_days/globalrelevanceex_sort/29.759534,-95.335321,29.675003,-95.502863_rect/12_zm/"
1840 17th St,Santa Monica,CA,90404,1899000,1000.0,3.0,1.0,NA,House For Sale,http://www.zillow.com/homes/for_sale//homedetails/1840-17th-St-Santa-Monica-CA-90404/20480125_zpid/
721 Cedar St UNIT A,Santa Monica,CA,90405,779000,994.0,2.0,1.0,NA,Condo For Sale,http://www.zillow.com/homes/for_sale//homedetails/721-Cedar-St-UNIT-A-Santa-Monica-CA-90405/20482323_zpid/
920 Alta Ave,Santa Monica,CA,90402,6395000,6274.0,6.0,7.0,NA,House For Sale,http://www.zillow.com/homes/for_sale//homedetails/920-Alta-Ave-Santa-Monica-CA-90402/2096799825_zpid/
238 19th St,Santa Monica,CA,90402,6500000,4900.0,5.0,7.0,NA,Coming Soon,http://www.zillow.com/homes/for_sale//homedetails/238-19th-St-Santa-Monica-CA-90402/20476698_zpid/
1811 34th St,Santa Monica,CA,90404,1175000,1213.0,3.0,1.0,11,House For Sale,http://www.zillow.com/homes/for_sale//homedetails/1811-34th-St-Santa-Monica-CA-90404/20471260_zpid/
2911 4th St APT 117,Santa Monica,CA,90405,1395000,1629.0,4.0,3.0,24,Townhouse For Sale,http://www.zillow.com/homes/for_sale//homedetails/2911-4th-St-APT-117-Santa-Monica-CA-90405/20483085_zpid/
1705 Ocean Ave UNIT 314,Santa Monica,CA,90401,2799000,1609.0,2.0,3.0,NA,Condo For Sale,http://www.zillow.com/homes/for_sale//homedetails/1705-Ocean-Ave-UNIT-314-Santa-Monica-CA-90401/2097304381_zpid/
515 Ocean Ave UNIT 501S,Santa Monica,CA,90402,3250000,1865.0,2.0,3.0,NA,Condo For Sale,http://www.zillow.com/homes/for_sale//homedetails/515-Ocean-Ave-UNIT-501S-Santa-Monica-CA-90402/2094576749_zpid/
1755 Ocean Ave APT 505,Santa Monica,CA,90401,1850000,1054.0,1.0,1.0,25,Condo For Sale,http://www.zillow.com/homes/for_sale//homedetails/1755-Ocean-Ave-APT-505-Santa-Monica-CA-90401/2103898721_zpid/
1963 17th St,Santa Monica,CA,90404,2250000,4408.0,0.0,NA,29,Apartment For Sale,http://www.zillow.com/homes/for_sale//homedetails/1963-17th-St-Santa-Monica-CA-90404/2094636550_zpid/
459 22nd St,Santa Monica,CA,90402,4995000,4251.0,4.0,5.0,21,House For Sale,http://www.zillow.com/homes/for_sale//homedetails/459-22nd-St-Santa-Monica-CA-90402/20476165_zpid/
211 17th St,Santa Monica,CA,90402,3995000,3025.0,4.0,4.0,14,House For Sale,http://www.zillow.com/homes/for_sale//homedetails/211-17th-St-Santa-Monica-CA-90402/20476916_zpid/
201 Ocean Ave UNIT 809B,Santa Monica,CA,90402,3300000,1562.0,3.0,3.0,10,Condo For Sale,http://www.zillow.com/homes/for_sale//homedetails/201-Ocean-Ave-UNIT-809B-Santa-Monica-CA-90402/20487148_zpid/
212 Marine St UNIT 205,Santa Monica,CA,90405,1997500,1660.0,2.0,2.0,NA,Condo For Sale,http://www.zillow.com/homes/for_sale//homedetails/212-Marine-St-UNIT-205-Santa-Monica-CA-90405/82750007_zpid/
838 16th St APT 9,Santa Monica,CA,90403,1795000,1440.0,2.0,3.0,30,Condo For Sale,http://www.zillow.com/homes/for_sale//homedetails/838-16th-St-APT-9-Santa-Monica-CA-90403/67420575_zpid/
402 Pacific St,Santa Monica,CA,90405,4190000,3780.0,6.0,6.0,23,Apartment For Sale,http://www.zillow.com/homes/for_sale//homedetails/402-Pacific-St-Santa-Monica-CA-90405/2102445408_zpid/
528 16th St,Santa Monica,CA,90402,4250000,3411.0,4.0,4.0,14,House For Sale,http://www.zillow.com/homes/for_sale//homedetails/528-16th-St-Santa-Monica-CA-90402/20477097_zpid/
1927 Cloverfield Blvd,Santa Monica,CA,90404,3500000,4856.0,7.0,6.0,NA,Apartment For Sale,http://www.zillow.com/homes/for_sale//homedetails/1927-Cloverfield-Blvd-Santa-Monica-CA-90404/2094619149_zpid/
718 Euclid St,Santa Monica,CA,90402,3399000,3129.0,6.0,3.5,16,House For Sale,http://www.zillow.com/homes/for_sale//homedetails/718-Euclid-St-Santa-Monica-CA-90402/92345675_zpid/
201 Ocean Ave UNIT 1610P,Santa Monica,CA,90402,NA,1325.0,2.0,1.0,1275,Foreclosed,http://www.zillow.com/homes/for_sale//homedetails/201-Ocean-Ave-UNIT-1610P-Santa-Monica-CA-90402/20487063_zpid/
808 # 2 5th St # 2,Santa Monica,CA,90403,401900,629.0,1.0,1.0,62,Condo For Sale,http://www.zillow.com/homes/for_sale//homedetails/808-2-5th-St-2-Santa-Monica-CA-90403/2095005508_zpid/
Ocean Ave UNIT 1409B,Santa Monica,CA,90402,NA,1562.0,3.0,3.0,422,Pre-Foreclosure (Auction),"http://www.zillow.com/homes/for_sale/118990030_zpid/any_days/globalrelevanceex_sort/29.759534,-95.335321,29.675003,-95.502863_rect/12_zm/"
110 Larkin Pl,Santa Monica,CA,90402,11000000,3697.0,4.0,5.0,443,House For Sale,http://www.zillow.com/homes/for_sale//homedetails/110-Larkin-Pl-Santa-Monica-CA-90402/20477359_zpid/
0 Montana Ave,Santa Monica,CA,90403,8000000,NA,NA,NA,105,House For Sale,http://www.zillow.com/homes/for_sale//homedetails/0-Montana-Ave-Santa-Monica-CA-90403/2095518614_zpid/
1255 Palisades Beach Rd,Santa Monica,CA,90401,5995000,3197.0,3.0,4.0,115,House For Sale,http://www.zillow.com/homes/for_sale//homedetails/1255-Palisades-Beach-Rd-Santa-Monica-CA-90401/20484767_zpid/
2721 2nd St APT 215,Santa Monica,CA,90405,450000,643.0,1.0,1.0,76,Condo For Sale,http://www.zillow.com/homes/for_sale//homedetails/2721-2nd-St-APT-215-Santa-Monica-CA-90405/20482930_zpid/
1024 Palisades Beach Rd,Santa Monica,CA,90403,8995000,7267.0,5.0,8.0,NA,House For Sale,http://www.zillow.com/homes/for_sale//homedetails/1024-Palisades-Beach-Rd-Santa-Monica-CA-90403/20485840_zpid/
10th St,Santa Monica,CA,90402,3720000,5260.0,7.0,6.0,638,Pre-Foreclosure (Auction),"http://www.zillow.com/homes/for_sale/123583623_zpid/any_days/globalrelevanceex_sort/29.759534,-95.335321,29.675003,-95.502863_rect/12_zm/"
22nd St,Santa Monica,CA,90402,4790000,4374.0,5.0,6.0,499,Pre-Foreclosure (Auction),"http://www.zillow.com/homes/for_sale/125417066_zpid/any_days/globalrelevanceex_sort/29.759534,-95.335321,29.675003,-95.502863_rect/12_zm/"
1231 18th St APT 1,Santa Monica,CA,90404,1200000,2347.0,4.0,3.0,1226,Foreclosed,http://www.zillow.com/homes/for_sale//homedetails/1231-18th-St-APT-1-Santa-Monica-CA-90404/20474426_zpid/
209 Euclid St,Santa Monica,CA,90402,5480000,6859.0,5.0,7.0,NA,House For Sale,http://www.zillow.com/homes/for_sale//homedetails/209-Euclid-St-Santa-Monica-CA-90402/20477487_zpid/
614 Washington Ave,Santa Monica,CA,90403,1899900,1905.0,3.0,2.0,32,House For Sale,http://www.zillow.com/homes/for_sale//homedetails/614-Washington-Ave-Santa-Monica-CA-90403/20484858_zpid/
323 21st Pl,Santa Monica,CA,90402,7495000,8180.0,5.0,8.0,NA,House For Sale,http://www.zillow.com/homes/for_sale//homedetails/323-21st-Pl-Santa-Monica-CA-90402/20476319_zpid/
21st Pl,Santa Monica,CA,90402,164000,8180.0,5.0,8.0,235,Pre-Foreclosure (Auction),"http://www.zillow.com/homes/for_sale/126588922_zpid/any_days/globalrelevanceex_sort/29.759534,-95.335321,29.675003,-95.502863_rect/12_zm/"
1147 24th St APT A,Santa Monica,CA,90403,553000,444.0,1.0,1.0,5091,Foreclosed,http://www.zillow.com/homes/for_sale//homedetails/1147-24th-St-APT-A-Santa-Monica-CA-90403/20474189_zpid/
4th St APT 3,Santa Monica,CA,90405,NA,1007.0,2.0,2.0,77,Pre-Foreclosure,"http://www.zillow.com/homes/for_sale/128838484_zpid/any_days/globalrelevanceex_sort/29.759534,-95.335321,29.675003,-95.502863_rect/12_zm/"
2520 5th St,Santa Monica,CA,90405,2460000,2520.0,4.0,4.0,1674,Foreclosed,http://www.zillow.com/homes/for_sale//homedetails/2520-5th-St-Santa-Monica-CA-90405/20482416_zpid/
835 San Vicente Blvd,Santa Monica,CA,90402,5750000,4828.0,5.0,7.0,133,House For Sale,http://www.zillow.com/homes/for_sale//homedetails/835-San-Vicente-Blvd-Santa-Monica-CA-90402/20477377_zpid/
San Vicente Blvd,Santa Monica,CA,90402,5160000,4828.0,3.0,5.0,21,Pre-Foreclosure (Auction),"http://www.zillow.com/homes/for_sale/116774388_zpid/any_days/globalrelevanceex_sort/29.759534,-95.335321,29.675003,-95.502863_rect/12_zm/"
Ocean Park Blvd,Santa Monica,CA,90405,1730000,2010.0,3.0,3.0,29,Pre-Foreclosure (Auction),"http://www.zillow.com/homes/for_sale/116777205_zpid/any_days/globalrelevanceex_sort/29.759534,-95.335321,29.675003,-95.502863_rect/12_zm/"
Delaware Ave,Santa Monica,CA,90404,NA,1276.0,3.0,2.0,45,Pre-Foreclosure,"http://www.zillow.com/homes/for_sale/128915182_zpid/any_days/globalrelevanceex_sort/29.759534,-95.335321,29.675003,-95.502863_rect/12_zm/"
Chelsea Ave,Santa Monica,CA,90403,NA,1608.0,2.0,2.0,57,Pre-Foreclosure (Auction),"http://www.zillow.com/homes/for_sale/128591935_zpid/any_days/globalrelevanceex_sort/29.759534,-95.335321,29.675003,-95.502863_rect/12_zm/"
Ocean Park Blvd,Santa Monica,CA,90405,NA,951.0,1.0,2.0,98,Pre-Foreclosure (Auction),"http://www.zillow.com/homes/for_sale/127102029_zpid/any_days/globalrelevanceex_sort/29.759534,-95.335321,29.675003,-95.502863_rect/12_zm/"
1139 23rd St,Santa Monica,CA,90403,2950000,2689.0,6.0,6.0,41,Apartment For Sale,http://www.zillow.com/homes/for_sale//homedetails/1139-23rd-St-Santa-Monica-CA-90403/2123600159_zpid/
2441 34th St,Santa Monica,CA,90405,4495000,11856.0,16.0,12.0,59,Apartment For Sale,http://www.zillow.com/homes/for_sale//homedetails/2441-34th-St-Santa-Monica-CA-90405/2098889594_zpid/
Hill St,Santa Monica,CA,90405,1720000,2016.0,4.0,2.0,382,Pre-Foreclosure (Auction),"http://www.zillow.com/homes/for_sale/122985485_zpid/any_days/globalrelevanceex_sort/29.759534,-95.335321,29.675003,-95.502863_rect/12_zm/"
23rd St UNIT 8,Santa Monica,CA,90403,NA,2046.0,3.0,3.0,172,Pre-Foreclosure,"http://www.zillow.com/homes/for_sale/127248642_zpid/any_days/globalrelevanceex_sort/29.759534,-95.335321,29.675003,-95.502863_rect/12_zm/"
Ashland Ave,Santa Monica,CA,90405,NA,2032.0,4.0,2.0,178,Pre-Foreclosure (Auction),"http://www.zillow.com/homes/for_sale/126744711_zpid/any_days/globalrelevanceex_sort/29.759534,-95.335321,29.675003,-95.502863_rect/12_zm/"
5th St APT 208,Santa Monica,CA,90403,NA,1315.0,2.0,2.0,115,Pre-Foreclosure (Auction),"http://www.zillow.com/homes/for_sale/127013074_zpid/any_days/globalrelevanceex_sort/29.759534,-95.335321,29.675003,-95.502863_rect/12_zm/"
1918 11th St APT E,Santa Monica,CA,90404,799999,979.0,3.0,2.0,33,Condo For Sale,http://www.zillow.com/homes/for_sale//homedetails/1918-11th-St-APT-E-Santa-Monica-CA-90404/2094703249_zpid/
2316 3rd St,Santa Monica,CA,90405,2599000,2246.0,3.0,4.0,181,Condo For Sale,http://www.zillow.com/homes/for_sale//homedetails/2316-3rd-St-Santa-Monica-CA-90405/20484532_zpid/
Pier Ave APT D,Santa Monica,CA,90405,761000,994.0,2.0,2.0,444,Pre-Foreclosure (Auction),"http://www.zillow.com/homes/for_sale/116777211_zpid/any_days/globalrelevanceex_sort/29.759534,-95.335321,29.675003,-95.502863_rect/12_zm/"
2454 Ocean Park Blvd,Santa Monica,CA,90405,1075000,1178.0,3.0,2.0,NA,Apartment For Sale,http://www.zillow.com/homes/for_sale//homedetails/2454-Ocean-Park-Blvd-Santa-Monica-CA-90405/20472753_zpid/
110 Ocean Park Blvd APT 502,Santa Monica,CA,90405,3650000,1800.0,2.0,2.0,30,Condo For Sale,http://www.zillow.com/homes/for_sale//homedetails/110-Ocean-Park-Blvd-APT-502-Santa-Monica-CA-90405/20483913_zpid/
Yorkshire Ave,Santa Monica,CA,90404,NA,1001.0,3.0,1.0,583,Pre-Foreclosure (Auction),"http://www.zillow.com/homes/for_sale/127225431_zpid/any_days/globalrelevanceex_sort/29.759534,-95.335321,29.675003,-95.502863_rect/12_zm/"
20th St,Santa Monica,CA,90404,1050000,1326.0,2.0,2.0,262,Pre-Foreclosure (Auction),"http://www.zillow.com/homes/for_sale/116774375_zpid/any_days/globalrelevanceex_sort/29.759534,-95.335321,29.675003,-95.502863_rect/12_zm/"
535 Ocean Ave UNIT 11C,Santa Monica,CA,90402,2650000,1585.0,2.0,2.0,35,Condo For Sale,http://www.zillow.com/homes/for_sale//homedetails/535-Ocean-Ave-UNIT-11C-Santa-Monica-CA-90402/20486446_zpid/
Virginia Ave,Santa Monica,CA,90404,1310000,1905.0,3.0,2.0,185,Pre-Foreclosure (Auction),"http://www.zillow.com/homes/for_sale/117509820_zpid/any_days/globalrelevanceex_sort/29.759534,-95.335321,29.675003,-95.502863_rect/12_zm/"
1144 17th St APT 14,Santa Monica,CA,90403,1099000,1510.0,3.0,3.0,43,Townhouse For Sale,http://www.zillow.com/homes/for_sale//homedetails/1144-17th-St-APT-14-Santa-Monica-CA-90403/2144453942_zpid/
19 Seaview Ter,Santa Monica,CA,90401,4599000,2500.0,4.0,3.0,42,House For Sale,http://www.zillow.com/homes/for_sale//homedetails/19-Seaview-Ter-Santa-Monica-CA-90401/20484728_zpid/
1824 20th St APT A,Santa Monica,CA,90404,465000,573.0,0,1.0,NA,Condo For Sale,http://www.zillow.com/homes/for_sale//homedetails/1824-20th-St-APT-A-Santa-Monica-CA-90404/20473574_zpid/
1334 19th St APT 4,Santa Monica,CA,90404,998000,1414.0,2.0,3.0,213,Condo For Sale,http://www.zillow.com/homes/for_sale//homedetails/1334-19th-St-APT-4-Santa-Monica-CA-90404/20474723_zpid/
723 Palisades Beach Rd UNIT 107,Santa Monica,CA,90402,1575000,1072.0,2.0,2.0,157,Condo For Sale,http://www.zillow.com/homes/for_sale//homedetails/723-Palisades-Beach-Rd-UNIT-107-Santa-Monica-CA-90402/20485821_zpid/
157 Hart Ave,Santa Monica,CA,90405,2450000,1878.0,3.0,3.0,NA,Condo For Sale,http://www.zillow.com/homes/for_sale//homedetails/157-Hart-Ave-Santa-Monica-CA-90405/20483535_zpid/
222 20th St,Santa Monica,CA,90402,7795000,7581.0,6.0,8.0,NA,House For Sale,http://www.zillow.com/homes/for_sale//homedetails/222-20th-St-Santa-Monica-CA-90402/20476678_zpid/
1053 18th St,Santa Monica,CA,90403,5050000,9650.0,15.0,15.0,NA,Apartment For Sale,http://www.zillow.com/homes/for_sale//homedetails/1053-18th-St-Santa-Monica-CA-90403/2099208641_zpid/
2922 Montana Ave APT B,Santa Monica,CA,90403,1549000,1800.0,2.0,3.0,NA,Townhouse For Sale,http://www.zillow.com/homes/for_sale//homedetails/2922-Montana-Ave-APT-B-Santa-Monica-CA-90403/55325158_zpid/
1633 Sunset Ave,Santa Monica,CA,90405,2250000,1558.0,2.0,2.0,71,House For Sale,http://www.zillow.com/homes/for_sale//homedetails/1633-Sunset-Ave-Santa-Monica-CA-90405/20481398_zpid/
915 12th St APT 5,Santa Monica,CA,90403,1350000,1512.0,2.0,3.0,32,Condo For Sale,http://www.zillow.com/homes/for_sale//homedetails/915-12th-St-APT-5-Santa-Monica-CA-90403/63789044_zpid/
41 Seaview Ter,Santa Monica,CA,90401,2800000,NA,0,NA,NA,Apartment For Sale,http://www.zillow.com/homes/for_sale//homedetails/41-Seaview-Ter-Santa-Monica-CA-90401/2094788258_zpid/
1720 Franklin St,Santa Monica,CA,90404,1200000,675.0,1.0,1.0,NA,House For Sale,http://www.zillow.com/homes/for_sale//homedetails/1720-Franklin-St-Santa-Monica-CA-90404/20471093_zpid/
101 California Ave UNIT 603,Santa Monica,CA,90403,1200000,674.0,1.0,1.0,35,Condo For Sale,http://www.zillow.com/homes/for_sale//homedetails/101-California-Ave-UNIT-603-Santa-Monica-CA-90403/20485721_zpid/
1755 Ocean Ave APT 704,Santa Monica,CA,90401,4800000,1737.0,2.0,3.0,NA,Condo For Sale,http://www.zillow.com/homes/for_sale//homedetails/1755-Ocean-Ave-APT-704-Santa-Monica-CA-90401/2094777858_zpid/
835 Ashland Ave,Santa Monica,CA,90405,4300000,8986.0,15.0,17.0,NA,Apartment For Sale,http://www.zillow.com/homes/for_sale//homedetails/835-Ashland-Ave-Santa-Monica-CA-90405/2101865202_zpid/
463 18th St,Santa Monica,CA,90402,5300000,5759.0,5.0,5.0,196,House For Sale,http://www.zillow.com/homes/for_sale//homedetails/463-18th-St-Santa-Monica-CA-90402/20476760_zpid/
714 Bay St,Santa Monica,CA,90405,2100000,3240.0,8.0,4.0,NA,Apartment For Sale,http://www.zillow.com/homes/for_sale//homedetails/714-Bay-St-Santa-Monica-CA-90405/2102328794_zpid/
213 Euclid St,Santa Monica,CA,90402,6399000,6622.0,5.0,6.0,NA,House For Sale,http://www.zillow.com/homes/for_sale//homedetails/213-Euclid-St-Santa-Monica-CA-90402/20477486_zpid/
1123 11th St APT 4,Santa Monica,CA,90403,1295000,1674.0,3.0,3.0,231,Condo For Sale,http://www.zillow.com/homes/for_sale//homedetails/1123-11th-St-APT-4-Santa-Monica-CA-90403/20478773_zpid/
2521 Euclid St,Santa Monica,CA,90405,3500000,4071.0,0,NA,172,Apartment For Sale,http://www.zillow.com/homes/for_sale//homedetails/2521-Euclid-St-Santa-Monica-CA-90405/2096272609_zpid/
1024 Pico Blvd,Santa Monica,CA,90405,3495000,4874.0,0,1.0,94,Apartment For Sale,http://www.zillow.com/homes/for_sale//homedetails/1024-Pico-Blvd-Santa-Monica-CA-90405/2095394655_zpid/
833 Ocean Ave APT 303,Santa Monica,CA,90403,2150000,1430.0,2.0,2.0,35,Condo For Sale,http://www.zillow.com/homes/for_sale//homedetails/833-Ocean-Ave-APT-303-Santa-Monica-CA-90403/20485599_zpid/
2608 3rd St,Santa Monica,CA,90405,2775000,2852.0,4.0,3.0,NA,House For Sale,http://www.zillow.com/homes/for_sale//homedetails/2608-3rd-St-Santa-Monica-CA-90405/65242370_zpid/
633 24th St,Santa Monica,CA,90402,5300000,5280.0,5.0,9.0,NA,House For Sale,http://www.zillow.com/homes/for_sale//homedetails/633-24th-St-Santa-Monica-CA-90402/20475973_zpid/
1815 20th St,Santa Monica,CA,90404,2200000,1978.0,5.0,4.0,154,House For Sale,http://www.zillow.com/homes/for_sale//homedetails/1815-20th-St-Santa-Monica-CA-90404/20473544_zpid/
1533 11th St,Santa Monica,CA,90401,2750000,7509.0,NA,NA,NA,Lot/Land For Sale,http://www.zillow.com/homes/for_sale//homedetails/1533-11th-St-Santa-Monica-CA-90401/20479813_zpid/
422 Lincoln Blvd,SANTA MONICA,CA,90402,3000000,7483.0,NA,NA,NA,Lot/Land For Sale,http://www.zillow.com/homes/for_sale//homedetails/422-Lincoln-Blvd-Santa-Monica-CA-90402/95577103_zpid/
Lincoln Blvd,SANTA MONICA,CA,90402,NA,NA,NA,NA,45,Pre-Foreclosure (Auction),"http://www.zillow.com/homes/for_sale/128608384_zpid/any_days/globalrelevanceex_sort/29.759534,-95.335321,29.675003,-95.502863_rect/12_zm/"
1422 19th St APT A,Santa Monica,CA,90404,2190000,1715.0,2.0,3.0,NA,Condo For Sale,http://www.zillow.com/homes/for_sale//homedetails/1422-19th-St-APT-A-Santa-Monica-CA-90404/20474075_zpid/
1807 17th St,Santa Monica,CA,90404,1785000,7749.0,NA,NA,97,Lot/Land For Sale,http://www.zillow.com/homes/for_sale//homedetails/1807-17th-St-Santa-Monica-CA-90404/20473591_zpid/
834 Pearl St,Santa Monica,CA,90405,1895000,1965.0,3.0,4.0,NA,Apartment For Sale,http://www.zillow.com/homes/for_sale//homedetails/834-Pearl-St-Santa-Monica-CA-90405/2095074075_zpid/
1247 25th St,Santa Monica,CA,90404,2300000,1875.0,3.0,10.0,259,House For Sale,http://www.zillow.com/homes/for_sale//homedetails/1247-25th-St-Santa-Monica-CA-90404/20474589_zpid/
1626 Berkeley St,Santa Monica,CA,90404,1399000,730.0,2.0,1.0,NA,House For Sale,http://www.zillow.com/homes/for_sale//homedetails/1626-Berkeley-St-Santa-Monica-CA-90404/20470978_zpid/
1824 17th St,Santa Monica,CA,90404,2625000,4777.0,11.0,6.0,NA,Apartment For Sale,http://www.zillow.com/homes/for_sale//homedetails/1824-17th-St-Santa-Monica-CA-90404/2103173191_zpid/
1622 Berkeley St,Santa Monica,CA,90404,1399000,1898.0,2.0,1.0,NA,House For Sale,http://www.zillow.com/homes/for_sale//homedetails/1622-Berkeley-St-Santa-Monica-CA-90404/20470977_zpid/
419 Hill St,Santa Monica,CA,90405,2650000,1920.0,4.0,4.0,46,Apartment For Sale,http://www.zillow.com/homes/for_sale//homedetails/419-Hill-St-Santa-Monica-CA-90405/2096762504_zpid/
201 Ocean Ave UNIT 509B,Santa Monica,CA,90402,2350000,1562.0,3.0,3.0,73,Condo For Sale,http://www.zillow.com/homes/for_sale//homedetails/201-Ocean-Ave-UNIT-509B-Santa-Monica-CA-90402/20487119_zpid/
1116 24th St,Santa Monica,CA,90403,4695000,7636.0,0,NA,120,Apartment For Sale,http://www.zillow.com/homes/for_sale//homedetails/1116-24th-St-Santa-Monica-CA-90403/20474194_zpid/
201 Ocean Ave UNIT 1904P,Santa Monica,CA,90402,2950000,1554.0,3.0,3.0,112,Condo For Sale,http://www.zillow.com/homes/for_sale//homedetails/201-Ocean-Ave-UNIT-1904P-Santa-Monica-CA-90402/20487087_zpid/
201 Ocean Ave UNIT 1703P,Santa Monica,CA,90402,1895000,906.0,1.0,1.0,111,Condo For Sale,http://www.zillow.com/homes/for_sale//homedetails/201-Ocean-Ave-UNIT-1703P-Santa-Monica-CA-90402/20487066_zpid/
201 Ocean Ave UNIT 903P,Santa Monica,CA,90402,1750000,906.0,1.0,1.0,108,Condo For Sale,http://www.zillow.com/homes/for_sale//homedetails/201-Ocean-Ave-UNIT-903P-Santa-Monica-CA-90402/20486996_zpid/
201 Ocean Ave UNIT 1504B,Santa Monica,CA,90402,3400000,1554.0,3.0,3.0,111,Condo For Sale,http://www.zillow.com/homes/for_sale//homedetails/201-Ocean-Ave-UNIT-1504B-Santa-Monica-CA-90402/20487203_zpid/
1114 23rd St APT 4,Santa Monica,CA,90403,1059000,1604.0,3.0,2.0,NA,Condo For Sale,http://www.zillow.com/homes/for_sale//homedetails/1114-23rd-St-APT-4-Santa-Monica-CA-90403/2095017507_zpid/
201 Ocean Ave UNIT 1209B,Santa Monica,CA,90402,3800000,1562.0,3.0,3.0,111,Condo For Sale,http://www.zillow.com/homes/for_sale//homedetails/201-Ocean-Ave-UNIT-1209B-Santa-Monica-CA-90402/20487188_zpid/
201 Ocean Ave UNIT 1105B,Santa Monica,CA,90402,1395000,868.0,1.0,1.0,175,Condo For Sale,http://www.zillow.com/homes/for_sale//homedetails/201-Ocean-Ave-UNIT-1105B-Santa-Monica-CA-90402/20487174_zpid/
201 Ocean Ave UNIT 409P,Santa Monica,CA,90402,4595000,1566.0,3.0,3.0,37,Condo For Sale,http://www.zillow.com/homes/for_sale//homedetails/201-Ocean-Ave-UNIT-409P-Santa-Monica-CA-90402/20486952_zpid/
201 Ocean Ave UNIT 1903P,Santa Monica,CA,90402,1850000,906.0,1.0,1.0,112,Condo For Sale,http://www.zillow.com/homes/for_sale//homedetails/201-Ocean-Ave-UNIT-1903P-Santa-Monica-CA-90402/20487086_zpid/
270 Palisades Beach Rd UNIT 203,Santa Monica,CA,90402,5375000,2210.0,3.0,4.0,NA,Condo For Sale,http://www.zillow.com/homes/for_sale//homedetails/270-Palisades-Beach-Rd-UNIT-203-Santa-Monica-CA-90402/20486911_zpid/
201 Ocean Ave UNIT 904P,Santa Monica,CA,90402,2600000,1554.0,3.0,3.0,36,Condo For Sale,http://www.zillow.com/homes/for_sale//homedetails/201-Ocean-Ave-UNIT-904P-Santa-Monica-CA-90402/20486997_zpid/
1328 9th St APT 6,Santa Monica,CA,90401,1250000,1275.0,3.0,3.0,253,Make Me MoveÂ®,http://www.zillow.com/homes/for_sale//homedetails/1328-9th-St-APT-6-Santa-Monica-CA-90401/20479630_zpid/
20 Ocean Park Blvd APT 22,Santa Monica,CA,90405,2595000,2663.0,2.0,3.0,126,Condo For Sale,http://www.zillow.com/homes/for_sale//homedetails/20-Ocean-Park-Blvd-APT-22-Santa-Monica-CA-90405/20483828_zpid/
1417 10th St,Santa Monica,CA,90401,2999000,4541.0,8.0,4.0,46,Apartment For Sale,http://www.zillow.com/homes/for_sale//homedetails/1417-10th-St-Santa-Monica-CA-90401/20479771_zpid/
2817 3rd St,Santa Monica,CA,90405,3000000,2600.0,5.0,5.0,62,Apartment For Sale,http://www.zillow.com/homes/for_sale//homedetails/2817-3rd-St-Santa-Monica-CA-90405/20482878_zpid/
201 Ocean Ave UNIT 403P,Santa Monica,CA,90402,1650000,906.0,1.0,1.0,205,Condo For Sale,http://www.zillow.com/homes/for_sale//homedetails/201-Ocean-Ave-UNIT-403P-Santa-Monica-CA-90402/20486946_zpid/
2903 Delaware Ave,Santa Monica,CA,90404,1599000,1666.0,3.0,3.0,70,House For Sale,http://www.zillow.com/homes/for_sale//homedetails/2903-Delaware-Ave-Santa-Monica-CA-90404/20471195_zpid/
905 Berkeley St,Santa Monica,CA,90403,3750000,3495.0,4.0,5.0,32,House For Sale,http://www.zillow.com/homes/for_sale//homedetails/905-Berkeley-St-Santa-Monica-CA-90403/20469353_zpid/
1159 Centinela Ave,Santa Monica,CA,90403,3499000,2809.0,4.0,3.0,NA,House For Sale,http://www.zillow.com/homes/for_sale//homedetails/1159-Centinela-Ave-Santa-Monica-CA-90403/20467856_zpid/
2310 Ocean Park Blvd,Santa Monica,CA,90405,1995000,3260.0,5.0,5.0,169,Apartment For Sale,http://www.zillow.com/homes/for_sale//homedetails/2310-Ocean-Park-Blvd-Santa-Monica-CA-90405/2097905572_zpid/
1824 10th St,Santa Monica,CA,90404,2725000,4000.0,6.0,5.0,172,Apartment For Sale,http://www.zillow.com/homes/for_sale//homedetails/1824-10th-St-Santa-Monica-CA-90404/20479961_zpid/
2910 Highland Ave,Santa Monica,CA,90405,2195000,NA,0,NA,106,Apartment For Sale,http://www.zillow.com/homes/for_sale//homedetails/2910-Highland-Ave-Santa-Monica-CA-90405/20483058_zpid/
2602 3rd St,Santa Monica,CA,90405,4495000,4103.0,4.0,3.0,209,House For Sale,http://www.zillow.com/homes/for_sale//homedetails/2602-3rd-St-Santa-Monica-CA-90405/20482538_zpid/
1144 Chelsea Ave APT A,Santa Monica,CA,90403,2245000,2748.0,3.0,4.0,NA,Townhouse For Sale,http://www.zillow.com/homes/for_sale//homedetails/1144-Chelsea-Ave-APT-A-Santa-Monica-CA-90403/20474178_zpid/
